{"theta0": 0.9028429406793583, "theta1": -0.9072968737043968, "min_km": 22899.0, "max_km": 240000.0, "min_price": 3650.0, "max_price": 8290.0}