{"theta0": 0.9362124793084768, "theta1": -0.9953762249792935, "min_km": 22899.0, "max_km": 240000.0, "min_price": 3650.0, "max_price": 8290.0}